epoch,train_loss,test_loss
2.0,58.29615020751953,57.13440704345703
3.0,58.097923278808594,56.96113967895508
4.0,57.9427375793457,56.822113037109375
5.0,57.792396545410156,56.68410110473633
